filename,label
video001.mp4,0
video002.mp4,0
video003.mp4,0
video004.mp4,0
video005.mp4,0
video006.mp4,0
video007.mp4,0
video008.mp4,0
video009.mp4,0
video010.mp4,0
video011.mp4,0
video012.mp4,0
video013.mp4,0
video014.mp4,0
video015.mp4,0
video016.mp4,0
video017.mp4,0
video018.mp4,0
video019.mp4,0
video020.mp4,0
video021.mp4,0
video022.mp4,0
video023.mp4,0
video024.mp4,0
video025.mp4,0
video026.mp4,0
video027.mp4,0
video028.mp4,0
video029.mp4,0
video030.mp4,0
video031.mp4,0
video032.mp4,0
video033.mp4,0
video034.mp4,0
video035.mp4,0
video036.mp4,0
video037.mp4,0
video038.mp4,0
video039.mp4,0
video040.mp4,0
video041.mp4,0
video042.mp4,0
video043.mp4,0
video044.mp4,0
video045.mp4,0
video046.mp4,0
video047.mp4,0
video048.mp4,0
video049.mp4,0
video050.mp4,0
video051.mp4,0
video052.mp4,0
video053.mp4,0
video054.mp4,0
video055.mp4,0
video056.mp4,0
video057.mp4,0
video058.mp4,0
video059.mp4,0
video060.mp4,0
video061.mp4,0
video062.mp4,0
video063.mp4,0
video064.mp4,0
video065.mp4,0
video066.mp4,0
video067.mp4,0
video068.mp4,0
video069.mp4,0
video070.mp4,0
video071.mp4,0
video072.mp4,0
video073.mp4,0
video074.mp4,0
video075.mp4,0
video076.mp4,0
video077.mp4,0
video078.mp4,0
video079.mp4,0
video080.mp4,0
video081.mp4,0
video082.mp4,0
video083.mp4,0
video084.mp4,0
video085.mp4,0
video086.mp4,0
video087.mp4,0
video088.mp4,0
video089.mp4,0
video090.mp4,0
video091.mp4,0
video092.mp4,0
video093.mp4,0
video094.mp4,0
video095.mp4,0
video096.mp4,0
video097.mp4,0
video098.mp4,0
video099.mp4,0
video100.mp4,0
video101.mp4,0
video102.mp4,0
video103.mp4,0
video104.mp4,0
video105.mp4,0
video106.mp4,0
video107.mp4,0
video108.mp4,0
video109.mp4,0
video110.mp4,0
video111.mp4,0
video112.mp4,0
video113.mp4,0
video114.mp4,0
video115.mp4,0
video116.mp4,0
video117.mp4,0
video118.mp4,0
video119.mp4,0
video120.mp4,0
video121.mp4,0
video122.mp4,0
video123.mp4,0
video124.mp4,0
video125.mp4,0
video126.mp4,0
video127.mp4,0
video128.mp4,0
video129.mp4,0
video130.mp4,0
video131.mp4,0
video132.mp4,0
video133.mp4,0
video134.mp4,0
video135.mp4,0
video136.mp4,0
video137.mp4,0
video138.mp4,0
video139.mp4,0
video140.mp4,0
video141.mp4,0
video142.mp4,0
video143.mp4,0
video144.mp4,0
video145.mp4,0
video146.mp4,0
video147.mp4,0
video148.mp4,0
video149.mp4,0
video150.mp4,0
video151.mp4,0
video152.mp4,0
video153.mp4,0
video154.mp4,0
video155.mp4,0
video156.mp4,0
video157.mp4,0
video158.mp4,0
video159.mp4,0
video160.mp4,0
video161.mp4,0
video162.mp4,0
video163.mp4,0
video164.mp4,0
video165.mp4,0
video166.mp4,0
video167.mp4,0
video168.mp4,0
video169.mp4,0
video170.mp4,0
video171.mp4,0
video172.mp4,0
video173.mp4,0
video174.mp4,0
video175.mp4,0
video176.mp4,0
video177.mp4,0
video178.mp4,0
video179.mp4,0
video180.mp4,0
video181.mp4,0
video182.mp4,0
video183.mp4,0
video184.mp4,0
video185.mp4,0
video186.mp4,0
video187.mp4,0
video188.mp4,0
video189.mp4,0
video190.mp4,0
video191.mp4,0
video192.mp4,0
video193.mp4,0
video194.mp4,0
video195.mp4,0
video196.mp4,0
video197.mp4,0
video198.mp4,0
video199.mp4,0
video200.mp4,0
video201.mp4,0
video202.mp4,1
video203.mp4,1
video204.mp4,1
video205.mp4,1
video206.mp4,1
video207.mp4,1
video208.mp4,1
video209.mp4,1
video210.mp4,1
video211.mp4,1
video212.mp4,1
video213.mp4,1
video214.mp4,1
video215.mp4,1
video216.mp4,1
video217.mp4,1
video218.mp4,1
video219.mp4,1
video220.mp4,1
video221.mp4,1
video222.mp4,1
video223.mp4,1
video224.mp4,1
video225.mp4,1
video226.mp4,1
video227.mp4,1
video228.mp4,1
video229.mp4,1
video230.mp4,1
video231.mp4,1
video232.mp4,1
video233.mp4,1
video234.mp4,1
video235.mp4,1
video236.mp4,1
video237.mp4,1
video238.mp4,1
video239.mp4,1
video240.mp4,1
video241.mp4,1
video242.mp4,1
video243.mp4,1
video244.mp4,1
video245.mp4,1
video246.mp4,1
video247.mp4,1
video248.mp4,1
video249.mp4,1
video250.mp4,1
video251.mp4,1
video252.mp4,1
video253.mp4,1
video254.mp4,1
video255.mp4,1
video256.mp4,1
video257.mp4,1
video258.mp4,1
video259.mp4,1
video260.mp4,1
video261.mp4,1
video262.mp4,1
video263.mp4,1
video264.mp4,1
video265.mp4,1
video266.mp4,1
video267.mp4,1
video268.mp4,1
video269.mp4,1
video270.mp4,1
video271.mp4,1
video272.mp4,1
video273.mp4,1
video274.mp4,1
video275.mp4,1
video276.mp4,1
video277.mp4,1
video278.mp4,1
video279.mp4,1
video280.mp4,1
video281.mp4,1
video282.mp4,1
video283.mp4,1
video284.mp4,1
video285.mp4,1
video286.mp4,1
video287.mp4,1
video288.mp4,1
video289.mp4,1
video290.mp4,1
video291.mp4,1
video292.mp4,1
video293.mp4,1
video294.mp4,1
video295.mp4,1
video296.mp4,1
video297.mp4,1
video298.mp4,1
video299.mp4,1
video300.mp4,1
video301.mp4,1
video302.mp4,1
video303.mp4,1
video304.mp4,1
video305.mp4,1
video306.mp4,1
video307.mp4,1
video308.mp4,1
video309.mp4,1
video310.mp4,1
video311.mp4,1
video312.mp4,1
video313.mp4,1
video314.mp4,1
video315.mp4,1
video316.mp4,1
video317.mp4,1
video318.mp4,1
video319.mp4,1
video320.mp4,1
video321.mp4,1
video322.mp4,1
video323.mp4,1
video324.mp4,1
video325.mp4,1
video326.mp4,1
video327.mp4,1
video328.mp4,1
video329.mp4,1
video330.mp4,1
video331.mp4,1
video332.mp4,1
video333.mp4,1
video334.mp4,1
video335.mp4,1
video336.mp4,1
video337.mp4,1
video338.mp4,1
video339.mp4,1
video340.mp4,1
video341.mp4,1
video342.mp4,1
video343.mp4,1
video344.mp4,1
video345.mp4,1
video346.mp4,1
video347.mp4,1
video348.mp4,1
video349.mp4,1
video350.mp4,1
video351.mp4,1
video352.mp4,1
video353.mp4,1
video354.mp4,1
video355.mp4,1
video356.mp4,1
video357.mp4,1
video358.mp4,1
video359.mp4,1
video360.mp4,1
video361.mp4,1
video362.mp4,1
video363.mp4,1
video364.mp4,1
video365.mp4,1
video366.mp4,1
video367.mp4,1
video368.mp4,1
video369.mp4,1
video370.mp4,1
video371.mp4,1
video372.mp4,1
video373.mp4,1
video374.mp4,1
video375.mp4,1
video376.mp4,1
video377.mp4,1
video378.mp4,1
video379.mp4,1
video380.mp4,1
video381.mp4,1
video382.mp4,1
video383.mp4,1
video384.mp4,1
